{
    "topLeftLat": 45.497163, 
    "topLeftLong": -73.579545,
    "topRightLat": 45.497709, 
    "topRightLong": -73.579038,
    "bottomLeftLat": 45.496835, 
    "bottomLeftLong": -73.578855,
    "bottomRightLat": 45.497373, 
    "bottomRightLong": -73.578342,
    "binaryGrid": [
                    [1,1,1,1,1,1,1,0,0,1,1,1,1,1,1,1,1,1,1,1],
                    [1,1,1,1,1,1,1,0,0,1,1,1,1,1,1,1,1,1,1,1],
                    [1,1,1,1,1,1,1,0,0,1,1,1,1,1,1,1,1,1,1,1],
                    [1,1,0,0,0,0,0,0,0,0,0,0,0,0,0,0,0,0,1,1],
                    [1,1,0,0,1,1,1,0,0,1,1,1,1,1,1,1,0,1,1,1],
                    [1,1,0,0,1,1,1,0,0,1,1,1,1,1,1,1,0,1,1,1],
                    [1,1,0,0,1,1,1,0,0,0,1,1,1,1,1,1,0,1,1,1],
                    [1,1,0,0,1,1,1,0,0,1,1,1,1,1,1,1,0,1,1,1],
                    [1,1,0,0,1,1,1,0,0,1,1,1,1,1,1,1,0,1,1,1],
                    [1,1,0,0,1,1,1,0,0,1,1,1,1,1,1,1,0,1,1,1],
                    [1,1,0,0,1,1,1,0,0,1,1,1,1,1,1,1,0,1,1,1],
                    [1,1,0,0,1,1,1,0,0,0,0,0,0,0,0,0,0,1,1,1],
                    [1,1,0,0,1,1,1,0,0,1,1,1,1,1,1,1,0,1,1,1],
                    [1,1,0,0,1,1,1,0,0,1,1,1,1,1,1,1,0,1,1,1],
                    [1,1,0,0,1,1,1,0,0,1,1,1,1,1,1,1,0,1,1,1],
                    [1,1,0,0,0,0,0,0,0,0,0,0,0,0,0,0,0,0,1,1],
                    [1,1,1,1,1,1,1,0,0,1,1,1,1,1,1,1,1,1,1,1],
                    [1,1,1,1,1,1,1,0,0,1,1,1,1,1,1,1,1,1,1,1],
                    [1,1,1,1,1,1,1,0,0,1,1,1,1,1,1,1,1,1,1,1]
                ],

    "tileGrid":[[1,1,1,1,1,1,1,1,1,1,1],
                  [0,0,0,0,0,1,1,1,1,1,1],
                  [1,1,1,0,0,0,0,0,0,0,0],
                  [1,1,1,1,1,1,1,1,1,1,1]],
    "POI": {
        "H840": {
            "x": 2,
            "y": 5
        }, 
         "H890": {
            "x": 16,
            "y": 9
        }
    }
}