{
    "floorsKeys": ["H8", "H9"], 
    "floors":[
    {
    "topLeftLat": 45.497165, 
    "topLeftLong": -73.579545,
    "topRightLat": 45.497709, 
    "topRightLong": -73.579038,
    "bottomLeftLat": 45.496829, 
    "bottomLeftLong": -73.578850,
    "bottomRightLat": 45.497373, 
    "bottomRightLong": -73.578342,
    "binaryGrid": [
                    [1,1,1,1,1,1,1,0,0,1,1,1,1,1,1,1,1,1,1,1],
                    [1,1,1,1,1,1,1,0,0,1,1,1,1,1,1,1,1,1,1,1],
                    [1,1,1,1,1,1,1,0,0,1,1,1,1,1,1,1,1,1,1,1],
                    [1,1,0,0,0,0,0,0,0,0,0,0,0,0,0,0,0,0,1,1],
                    [1,1,0,0,1,1,1,0,0,1,1,1,1,1,1,1,0,1,1,1],
                    [1,1,0,0,1,1,1,0,0,1,1,1,1,1,1,1,0,1,1,1],
                    [1,1,0,0,1,1,1,0,0,0,1,1,1,1,1,1,0,1,1,1],
                    [1,1,0,0,1,1,1,0,0,1,1,1,1,1,1,1,0,1,1,1],
                    [1,1,0,0,1,1,1,0,0,1,1,1,1,1,1,1,0,1,1,1],
                    [1,1,0,0,1,1,1,0,0,1,1,1,1,1,1,1,0,1,1,1],
                    [1,1,0,0,1,1,1,0,0,1,1,1,1,1,1,1,0,1,1,1],
                    [1,1,0,0,1,1,1,0,0,0,0,0,0,0,0,0,0,1,1,1],
                    [1,1,0,0,1,1,1,0,0,1,1,1,1,1,1,1,0,1,1,1],
                    [1,1,0,0,1,1,1,0,0,1,1,1,1,1,1,1,0,1,1,1],
                    [1,1,0,0,1,1,1,0,0,1,1,1,1,1,1,1,0,1,1,1],
                    [1,1,0,0,0,0,0,0,0,0,0,0,0,0,0,0,0,0,1,1],
                    [1,1,1,1,1,1,1,0,0,1,1,1,1,1,1,1,1,1,1,1],
                    [1,1,1,1,1,1,1,0,0,1,1,1,1,1,1,1,1,1,1,1],
                    [1,1,1,1,1,1,1,0,0,1,1,1,1,1,1,1,1,1,1,1]
                ],
    "POI": {
        "H840": {
            "x": 2,
            "y": 5
        }, 
         "H890": {
            "x": 16,
            "y": 9
        },
        "Washroom": {
            "Men": {
                "x": 6, 
                "y" : 15
            }, 
            "Women": {
                "x": 9, 
                "y": 3  
            }  
        },
        "Escalator-Up": {
            "x": 9,
            "y": 11
        }, 
        "Escalator-Down": {
            "x": 9,
            "y": 6
        },       
        "Stairs": [
            {
                "x": 4,
                "y": 15
            },
            {
                "x": 4,
                "y": 3
            } 
        ]
        }
    },

    {
    "topLeftLat": 45.497165, 
    "topLeftLong": -73.579545,
    "topRightLat": 45.497709, 
    "topRightLong": -73.579038,
    "bottomLeftLat": 45.496829, 
    "bottomLeftLong": -73.578850,
    "bottomRightLat": 45.497373, 
    "bottomRightLong": -73.578342,
    "binaryGrid": [
                    [1,1,1,1,1,1,1,1,1,1,1,1,1,1,1,1,1,1,1,1],
                    [1,1,1,1,1,1,1,1,1,1,1,1,1,1,1,1,1,1,1,1],
                    [1,1,1,1,1,1,1,1,1,1,1,1,0,0,0,0,0,0,0,1],
                    [1,1,1,0,0,0,0,1,1,1,1,1,0,1,1,1,1,1,0,1],
                    [1,1,1,0,1,1,0,1,1,1,1,1,0,1,1,1,1,1,0,1],
                    [1,1,1,0,1,1,0,0,1,1,1,0,0,1,1,1,1,1,0,1],
                    [1,1,1,0,0,0,0,0,0,0,0,0,0,0,0,0,0,0,0,1],
                    [1,1,1,0,0,0,0,0,0,0,0,1,1,1,1,1,1,1,1,1],
                    [1,1,1,0,0,1,1,1,1,0,0,1,1,1,1,1,1,1,1,1],
                    [1,1,1,0,0,1,1,1,1,0,0,1,1,1,1,1,1,1,1,1],
                    [1,1,1,0,1,1,1,1,1,0,0,1,1,1,1,1,1,1,1,1], 
                    [1,1,1,0,0,1,1,1,1,0,0,1,1,1,1,1,1,1,1,1],
                    [1,1,1,0,1,1,1,1,1,0,0,0,0,0,0,0,0,1,1,1], 
                    [1,1,1,0,1,1,1,1,1,0,1,1,1,1,1,1,0,1,1,1],
                    [1,1,1,0,1,1,1,1,1,0,1,1,1,1,1,1,0,1,1,1],
                    [1,1,1,0,0,0,0,0,0,0,0,0,0,0,0,0,0,1,1,1],
                    [1,1,1,0,1,1,1,1,1,1,1,1,1,1,1,1,1,1,1,1],
                    [1,1,1,1,1,1,1,1,1,1,1,1,1,1,1,1,1,1,1,1],
                    [1,1,1,1,1,1,1,1,1,1,1,1,1,1,1,1,1,1,1,1]
                ],
    "POI": {
        "H967": {
            "x": 11,
            "y": 5
        }, 
        "Washroom": {
            "Men": {
                "x": 0, 
                "y" : 0
            }, 
            "Women": {
                "x": 0, 
                "y": 0  
            }  
        },
        "Elevator-Up": {
            "x": 0,
            "y": 0
        }, 
        "Elevator-Down": {
            "x": 0,
            "y": 0
        },       
        "Stairs": [
            {
                "x": 4,
                "y": 15
            },
            {
                "x": 4,
                "y": 3
            } 
        ]
        }
    }

    ]
}